{"cameraMode":{"drawMode":0,"name":"Shaded","section":"Shading Mode"},"sceneLighting":true,"audioPlay":false,"sceneViewState":{"m_AlwaysRefresh":false,"showFog":true,"showSkybox":true,"showFlares":true,"showImageEffects":true,"showParticleSystems":true,"showVisualEffectGraphs":true,"m_FxEnabled":true},"in2DMode":false,"pivot":{"x":1.8940393924713135,"y":-0.7409847378730774,"z":-11.075420379638672},"rotation":{"x":0.00852194707840681,"y":0.989747166633606,"z":-0.12568385899066926,"w":0.06721014529466629},"size":4.6904706954956059,"orthographic":false}